user_id,y_true,prob_churn
4376-KFVRS,0,0.18333333333333332
2754-SDJRD,0,0.23666666666666666
9917-KWRBE,0,0.3566666666666667
0365-GXEZS,0,0.31666666666666665
9385-NXKDA,0,0.09333333333333334
4686-UXDML,0,0.19
2227-JRSJX,0,0.18333333333333332
4830-FAXFM,0,0.26
1830-IPXVJ,0,0.18
4690-LLKUA,1,0.34
5804-HYIEZ,0,0.04
2388-LAESQ,0,0.06
5533-RJFTJ,0,0.05
4706-AXVKM,1,0.3933333333333333
0997-YTLNY,0,0.22666666666666666
7971-HLVXI,0,0.03333333333333333
7337-CINUD,0,0.24666666666666667
1379-FRVEB,0,0.4766666666666667
4753-PADAS,0,0.17333333333333334
5701-GUXDC,0,0.08666666666666667
7235-NXZCP,1,0.43
0668-OGMHD,0,0.2733333333333333
2812-REYAT,0,0.08666666666666667
8779-YIQQA,0,0.2966666666666667
9701-CDXHR,0,0.17333333333333334
7130-CTCUS,0,0.43333333333333335
1894-IGFSG,1,0.29333333333333333
0871-URUWO,1,0.2833333333333333
0057-QBUQH,0,0.20333333333333334
9611-CTWIH,1,0.56
8058-DMYRU,0,0.14333333333333334
5351-QESIO,0,0.06333333333333334
4302-ZYFEL,0,0.3233333333333333
6134-KWTBV,0,0.08
2034-GDRCN,1,0.4866666666666667
9544-PYPSJ,0,0.0033333333333333335
4208-UFFGW,1,0.45666666666666667
9537-JALFH,0,0.12
4415-IJZTP,1,0.9966666666666667
4701-MLJPN,1,0.21333333333333335
7515-LODFU,0,0.023333333333333334
4927-WWOOZ,0,0.2866666666666667
4067-HLYQI,0,0.30833333333333335
6184-DYUOB,0,0.4166666666666667
9209-NWPGU,0,0.16333333333333333
9851-KIELU,1,0.38666666666666666
3199-XGZCY,0,0.15
4226-KKDON,0,0.22
1085-LDWAM,0,0.09333333333333334
6825-UYPFK,1,0.15333333333333332
1767-CJKBA,0,0.07333333333333333
7181-BQYBV,1,0.9466666666666667
0178-CIIKR,0,0.41333333333333333
4256-ZWTZI,0,0.23666666666666666
9537-VHDTA,0,0.15333333333333332
2754-XBHTB,1,0.36333333333333334
5975-BAICR,0,0.19333333333333333
3301-VKTGC,0,0.056666666666666664
2877-VDUER,0,0.1
7717-BICXI,0,0.07
0562-FGDCR,0,0.13333333333333333
3705-PSNGL,1,0.095
0048-LUMLS,0,0.2
6497-TILVL,0,0.61
2108-YKQTY,1,0.35
3658-KIBGF,1,0.92
5482-NUPNA,1,0.43666666666666665
7410-KTVFV,1,0.25
9033-EOXWV,1,0.21
8821-XNHVZ,1,0.98
8224-KDLKN,0,0.19
4825-FUREZ,0,0.13333333333333333
7534-BFESC,1,0.14666666666666667
9138-EFSMO,0,0.20333333333333334
4227-OJHAL,0,0.1
7279-NMVJC,0,0.4766666666666667
8591-TKMZH,0,0.20333333333333334
9283-LZQOH,1,0.36666666666666664
3594-IVHJZ,0,0.2733333333333333
1945-XISKS,0,0.08
4359-INNWN,0,0.2866666666666667
7649-SIJJF,0,0.06666666666666667
9254-RBFON,1,0.26666666666666666
0970-ETWGE,1,0.8433333333333334
7762-ONLJY,0,0.30666666666666664
6710-HSJRD,0,0.19
8873-GLDMH,0,0.57
9907-SWKKF,1,0.9733333333333334
4658-HCOHW,1,0.3466666666666667
9330-VOFSZ,0,0.11666666666666667
2860-RANUS,1,0.24333333333333335
6234-PFPXL,0,0.30666666666666664
7205-BAIAD,0,0.34
3858-VOBET,1,0.24333333333333335
5103-MHMHY,1,0.9733333333333334
6119-SPUDB,0,0.1
9389-ACWBI,0,0.17666666666666667
3454-JFUBC,0,0.08
1768-ZAIFU,1,0.94
7017-VFULY,0,0.35811111111111116
9221-OTIVJ,1,0.09
2482-CZGBB,1,0.4666666666666667
7018-WBJNK,0,0.38666666666666666
3331-HQDTW,1,0.17333333333333334
4695-VADHF,1,0.43
4086-WITJG,0,0.11333333333333333
6297-NOOPG,0,0.07666666666666666
8777-PVYGU,0,0.12666666666666668
4378-MYPGO,0,0.08333333333333333
9313-CDOGY,0,0.13
4121-AGSIN,0,0.31
0432-CAJZV,0,0.2866666666666667
9097-ZUBYC,0,0.4
9638-JIQYA,0,0.33
1024-GUALD,1,0.8266666666666667
8024-XNAFQ,0,0.01
7587-RZNME,1,0.6266666666666667
1346-UFHAX,0,0.4766666666666667
6374-NTQLP,0,0.05
6625-FLENO,0,0.14333333333333334
7375-WMVMT,0,0.03666666666666667
6910-HADCM,1,0.9533333333333334
7401-JIXNM,0,0.09
7338-ERIVA,0,0.19333333333333333
5376-DEQCP,1,0.9866666666666667
0909-SELIE,0,0.08666666666666667
5419-KLXBN,1,0.28
0365-TRTPY,0,0.5672222222222223
6712-OAWRH,1,0.05
2428-ZMCTB,0,0.14666666666666667
1963-VAUKV,1,1.0
9381-NDKME,1,0.3433333333333333
3729-OWRVL,0,0.04
0895-LMRSF,0,0.37
2676-SSLTO,0,0.056666666666666664
8495-PRWFH,0,0.47333333333333333
9030-QGZNL,0,0.39
9972-NKTFD,0,0.15333333333333332
7998-WNZEM,0,0.10333333333333333
0979-PHULV,1,0.03
6445-TNRXS,0,0.08
9586-JGQKH,0,0.03333333333333333
3966-HRMZA,0,0.48
5498-IBWPI,0,0.07666666666666666
6823-SIDFQ,0,0.20333333333333334
2323-ARSVR,0,0.04666666666666667
5468-BPMMO,0,0.22333333333333333
0486-HECZI,1,0.11
2178-PMGCJ,0,0.36666666666666664
4660-IRIBM,0,0.4633333333333333
9674-EHPPG,0,0.3
5606-AMZBO,0,0.36333333333333334
0665-XHDJU,0,0.11
5402-HTOTQ,0,0.31666666666666665
8258-GSTJK,1,0.5466666666666666
3787-TRIAL,0,0.22
6175-IRFIT,0,0.7066666666666667
6317-YPKDH,1,0.6966666666666667
5692-FPTAH,1,0.9033333333333333
5373-SFODM,1,0.16
0868-VJRDR,0,0.03333333333333333
4079-VTGLK,0,0.18666666666666668
1166-PQLGG,0,0.07333333333333333
5296-BFCYD,0,0.12333333333333334
6568-POCUI,0,0.08333333333333333
2839-RFSQE,1,0.8133333333333334
2188-SXWVT,0,0.07
8849-GYOKR,1,0.24666666666666667
3623-FQBOX,0,0.56
2649-HWLYB,0,0.18
0599-XNYDO,0,0.259047619047619
2514-GINMM,1,0.9166666666666666
8401-EMUWF,0,0.23
5766-ZJYBB,1,0.8066666666666666
2604-IJPDU,0,0.31333333333333335
2501-XWWTZ,0,0.21333333333333335
6370-ZVHDV,0,0.04666666666666667
3027-YNWZU,0,0.04666666666666667
4526-ZJJTM,0,0.11666666666666667
0440-QEXBZ,0,0.14
0330-IVZHA,1,0.28
9758-MFWGD,0,0.18666666666666668
4229-CZMLL,1,0.5566666666666666
0742-MOABM,1,0.22
4277-BWBML,0,0.08666666666666667
5136-GFPMB,0,0.16666666666666666
7520-HQWJU,0,0.056666666666666664
6304-IJFSQ,1,0.8266666666666667
0297-RBCSG,0,0.5533333333333333
6013-BHCAW,0,0.06
4402-FTBXC,0,0.14333333333333334
1471-GIQKQ,0,0.016666666666666666
4283-FUTGF,1,0.5566666666666666
9548-LERKT,0,0.42333333333333334
8059-UDZFY,0,0.07
0410-IPFTY,0,0.21666666666666667
2478-EEWWM,0,0.10333333333333333
4619-EVPHY,0,0.07904761904761905
2277-DJJDL,0,0.25666666666666665
2911-WDXMV,0,0.33666666666666667
3639-XJHKQ,0,0.33
8173-RXAYP,0,0.1
4537-CIBHB,0,0.53
5442-BXVND,0,0.11
2308-STERM,0,0.22
7159-NOKYQ,0,0.29333333333333333
6075-QMNRR,0,0.23777777777777775
3694-GLTJM,0,0.24
9629-NHXFW,0,0.31
7167-PCEYD,0,0.016666666666666666
2748-MYRVK,1,0.013333333333333334
4223-WOZCM,0,0.4533333333333333
6946-LMSQS,1,0.26666666666666666
5469-NUJUR,0,0.22
6388-TABGU,0,0.13333333333333333
1261-FWTTE,0,0.13
8590-YFFQO,0,0.13666666666666666
0082-OQIQY,0,0.24
9465-RWMXL,1,0.2733333333333333
2930-UOTMB,1,0.27
9128-CPXKI,0,0.03666666666666667
0484-FFVBJ,0,0.22333333333333333
1100-DDVRV,0,0.17333333333333334
9313-QOLTZ,0,0.2
3338-CVVEH,0,0.49333333333333335
1131-SUEKT,0,0.14
7602-DBTOU,0,0.13666666666666666
1385-TQOZW,0,0.26
6892-XPFPU,1,0.17666666666666667
4115-NZRKS,0,0.28
5514-YQENT,0,0.16666666666666666
6319-IEJWJ,1,0.4
8849-AYPTR,0,0.056666666666666664
5893-PYOLZ,0,0.03333333333333333
7180-PISOG,1,0.9433333333333334
8443-ZRDBZ,1,0.539611111111111
9079-YEXQJ,1,0.29
3780-YVMFA,0,0.2866666666666667
6968-MHOMU,0,0.12666666666666668
0899-LIIBW,0,0.06
3677-IYRBF,1,0.33666666666666667
8393-DLHGA,1,0.14
7691-XVTZH,0,0.34
5360-LJCNJ,0,0.1
3891-PUQOD,1,0.9433333333333334
0952-KMEEH,1,0.37
4919-IKATY,1,0.4666666666666667
9746-UGFAC,0,0.19333333333333333
9108-EQPNQ,0,0.41333333333333333
0531-ZZJWQ,0,0.14666666666666667
8763-KIAFH,0,0.21333333333333335
5863-OOKCL,0,0.21
2958-NHPPS,0,0.24666666666666667
9530-GRMJG,0,0.03333333333333333
1809-DMJHQ,1,0.3566666666666667
0164-XAIRP,0,0.22666666666666666
2926-JEJJC,0,0.5633333333333334
1169-WCVAK,0,0.7033333333333334
1217-VASWC,0,0.19666666666666666
2452-KDRRH,0,0.056666666666666664
6402-EJMWF,0,0.49
7663-CUXZB,0,0.13666666666666666
4312-KFRXN,0,0.056666666666666664
3011-WQKSZ,0,0.2391111111111111
9747-DDZOS,1,0.8633333333333333
2091-MJTFX,1,0.14
0388-EOPEX,1,0.11
3161-ONRWK,0,0.19333333333333333
2587-EKXTS,0,0.13
9752-ZNQUT,0,0.09
9572-WUKSB,0,0.26666666666666666
3836-FZSDJ,0,0.03333333333333333
8805-JNRAZ,0,0.3555555555555555
3069-SSVSN,0,0.06666666666666667
8015-IHCGW,0,0.0033333333333333335
8132-YPVBX,0,0.54
0235-KGSLC,1,0.8833333333333333
1302-UHBDD,0,0.3233333333333333
3722-WPXTK,1,0.9733333333333334
7531-GQHME,0,0.14666666666666667
1335-NTIUC,0,0.22
9367-TCUYN,0,0.36333333333333334
1536-HBSWP,0,0.34
8573-JGCZW,0,0.5533333333333333
2694-CIUMO,0,0.30333333333333334
2027-FECZV,1,0.23666666666666666
9103-TCIHJ,1,0.25666666666666665
1545-JFUML,0,0.006666666666666667
0524-IAVZO,1,0.27666666666666667
5519-TEEUH,0,0.24
6654-QGBZZ,0,0.06833333333333333
2294-DMMUS,0,0.15333333333333332
0017-IUDMW,0,0.03
5018-LXQQG,0,0.45666666666666667
5808-TOTXO,0,0.25333333333333335
1174-FGIFN,0,0.3433333333333333
0730-KOAVE,0,0.37
1218-VKFPE,1,0.53
5313-FPXWG,0,0.13666666666666666
2834-JKOOW,0,0.27666666666666667
9430-NKQLY,0,0.13666666666666666
0363-QJVFX,1,0.2966666666666667
1658-TJVOA,0,0.25
6685-GBWJZ,0,0.02666666666666667
6328-ZPBGN,1,0.23666666666666666
4003-FUSHP,0,0.2075
7690-KPNCU,0,0.03666666666666667
2969-WGHQO,0,0.24472222222222223
1855-CFULU,0,0.3
9788-YTFGE,0,0.24333333333333335
8266-VBFQL,0,0.43
2325-NBPZG,0,0.20666666666666667
9906-NHHVC,0,0.03666666666666667
2541-YGPKE,0,0.26
5049-MUBWG,0,0.38666666666666666
2332-TODQS,0,0.07333333333333333
4419-UJMUS,0,0.09
2233-TXSIU,0,0.25666666666666665
6770-XUAGN,1,0.9833333333333333
2919-HBCJO,1,0.5966666666666667
9508-ILZDG,0,0.29
5442-BHQNG,0,0.2633333333333333
7250-EQKIY,1,0.9266666666666666
6838-HVLXG,0,0.3466666666666667
9767-FFLEM,0,0.006666666666666667
2245-ADZFJ,0,0.16333333333333333
1150-WFARN,1,0.01
9054-FOWNV,0,0.41
7997-EASSD,0,0.16666666666666666
7560-QJAVJ,0,0.06666666666666667
2668-TZSPS,0,0.15333333333333332
9139-WQQDY,1,0.29
6726-NNFWD,0,0.08666666666666667
9330-DHBFL,0,0.18666666666666668
5727-MYATE,0,0.0033333333333333335
2824-DXNKN,0,0.03
6166-ILMNY,1,0.24333333333333335
5236-XMZJY,0,0.17333333333333334
1709-EJDOX,0,0.13
4962-CHQPW,0,0.39666666666666667
0301-FIDRB,0,0.04
1820-TQVEV,1,0.95
9115-YQHGA,0,0.21333333333333335
1541-ETJZO,1,0.99
6230-BSUXY,1,0.9666666666666667
6797-LNAQX,1,0.30666666666666664
9588-YRFHY,0,0.28
1092-GANHU,1,0.19666666666666666
5951-AOFIH,0,0.32666666666666666
7029-RPUAV,1,0.4666666666666667
4700-UBQMV,0,0.6166666666666667
3594-UVONA,1,0.0961111111111111
7750-EYXWZ,0,0.26666666666666666
7054-ENNGU,0,0.5332222222222223
0402-OAMEN,0,0.17333333333333334
2195-VVRJF,0,0.3233333333333333
8819-ZBYNA,0,0.08
7748-UMTRK,0,0.25333333333333335
1741-WTPON,0,0.05333333333333334
7209-JCUDS,1,0.36333333333333334
2485-ITVKB,1,0.5466666666666666
9648-BCHKM,0,0.17
0743-HRVFF,0,0.08333333333333333
2522-AHJXR,0,0.023333333333333334
9143-CANJF,0,0.11666666666666667
1444-VVSGW,1,0.18333333333333332
6898-MDLZW,0,0.17666666666666667
0074-HDKDG,0,0.14333333333333334
3982-JGSFD,0,0.2122222222222222
7928-VJYAB,0,0.19
1522-VVDMG,1,0.30333333333333334
2665-NPTGL,0,0.16444444444444442
8728-SKJLR,0,0.32666666666666666
7733-UDMTP,0,0.17333333333333334
0431-APWVY,1,0.4666666666666667
5081-NWSUP,0,0.36666666666666664
2746-DIJLO,0,0.22333333333333333
7277-OZCGZ,0,0.03333333333333333
5236-PERKL,1,0.09333333333333334
2788-CJQAQ,0,0.15333333333333332
3096-WPXBT,0,0.14666666666666667
9962-BFPDU,0,0.07
2892-GESUL,0,0.42333333333333334
9741-YLNTD,0,0.29333333333333333
1205-WNWPJ,1,0.6133333333333333
3173-NVMPX,0,0.2966666666666667
9661-MHUMO,1,0.9966666666666667
6000-APYLU,1,0.46
0048-PIHNL,0,0.21
9420-LOJKX,1,0.22333333333333333
7061-OVMIM,0,0.28
5671-RQRLP,0,0.17
5129-JLPIS,0,0.10666666666666667
5170-PTRKA,0,0.11666666666666667
4819-HJPIW,0,0.6166666666666667
8780-RSYYU,0,0.22333333333333333
2335-GSODA,0,0.15333333333333332
5696-CEIQJ,0,0.35333333333333333
6169-PPETC,0,0.09333333333333334
4237-RLAQD,1,0.96
7359-WWYJV,0,0.09666666666666666
8620-RJPZN,0,0.15333333333333332
7426-WEIJX,0,0.10666666666666667
7629-WIXZF,0,0.28
2616-FLVQC,0,0.016666666666666666
9163-GHAYE,0,0.21666666666666667
4464-JCOLN,1,0.5266666666666666
2971-SGAFL,0,0.18
4735-ASGMA,1,0.44
5245-VDBUR,0,0.07333333333333333
1493-AMTIE,1,0.96
1112-CUNAO,1,0.6466666666666666
7571-YXDAD,1,0.602638888888889
8714-EUHJO,1,0.1
9040-KZVWO,0,0.16666666666666666
6713-OKOMC,0,0.56
8749-CLJXC,0,0.07
4713-LZDRV,1,0.653888888888889
6598-RFFVI,1,0.48333333333333334
7470-MCQTK,1,0.38666666666666666
5524-KHNJP,0,0.12
1707-HABPF,0,0.12055555555555554
4581-LNWUM,0,0.39
9710-ZUSHQ,1,0.19666666666666666
1697-LYYYX,0,0.2733333333333333
4013-GUXND,0,0.2
5022-JNQEQ,0,0.3433333333333333
4983-CCWMC,0,0.2833333333333333
6345-FZOQH,0,0.04666666666666667
0962-CQPWQ,0,0.32666666666666666
5495-GPSRW,0,0.13666666666666666
2252-JHJGE,0,0.05
7356-AYNJP,0,0.3
2019-HDCZY,0,0.10666666666666667
8582-KRHPJ,0,0.22333333333333333
2867-UIMSS,1,0.97
3487-EARAT,0,0.09
9926-PJHDQ,0,0.056666666666666664
0289-IVARM,0,0.27
4672-FOTSD,0,0.16
6198-PNNSZ,0,0.15666666666666668
7603-USHJS,1,0.42
6784-XYJAE,0,0.31666666666666665
3858-XHYJO,0,0.25
1087-UDSIH,1,0.74
7251-LJBQN,0,0.02
3200-MNQTF,0,0.08333333333333333
9359-UGBTK,0,0.14333333333333334
8160-HOWOX,0,0.43
0258-NOKBL,0,0.30666666666666664
2800-QQUSO,0,0.2807222222222222
2129-ALKBS,0,0.15333333333333332
9972-VAFJJ,0,0.21
4693-VWVBO,0,0.37666666666666665
6969-MVBAI,0,0.4166666666666667
4821-WQOYN,0,0.08
6769-DYBQN,1,0.23666666666666666
4018-PPNDW,0,0.15
6288-CHQJB,0,0.10666666666666667
4905-JEFDW,1,0.21
0559-CKHUS,0,0.28
2659-VXMWZ,1,0.10333333333333333
6559-RAKOZ,0,0.05
8809-XKHMD,0,0.11666666666666667
6365-HITVU,0,0.07
0134-XWXCE,0,0.27
9720-JJJOR,0,0.20333333333333334
2782-LFZVW,0,0.17
6112-KTHFQ,0,0.20333333333333334
9220-ZNKJI,0,0.13
9820-RMCQV,1,0.2833333333333333
9013-AQORL,0,0.14666666666666667
2040-OBMLJ,0,0.2633333333333333
5574-NXZIU,0,0.016666666666666666
5446-DKWYW,0,0.04
0480-KYJVA,0,0.03166666666666667
1074-AMIOH,0,0.15333333333333332
0015-UOCOJ,0,0.3933333333333333
0256-LTHVJ,1,0.2833333333333333
4547-LYTDD,1,0.49
1077-HUUJM,0,0.5933333333333334
2041-JIJCI,0,0.5366666666666666
1555-HAPSU,0,0.056666666666666664
4323-SADQS,1,0.39
3292-PBZEJ,0,0.46
6203-HBZPA,0,0.31333333333333335
9755-JHNMN,0,0.07666666666666666
7369-TRPFD,0,0.32
9878-TNQGW,1,0.36666666666666664
2279-AXJJK,0,0.14666666666666667
5016-IBERQ,0,0.2833333333333333
1016-DJTSV,0,0.35
8433-WPJTV,0,0.2
8903-XEBGX,0,0.5044444444444445
2632-TACXW,0,0.27
7952-OBOYL,0,0.23
1470-PSXNM,0,0.043333333333333335
6227-HWPWX,1,0.37666666666666665
5924-SNGKP,0,0.1
8818-DOPVL,0,0.21666666666666667
4521-WFJAI,0,0.05
4724-WXVWF,0,0.1647380952380952
3717-OEAUQ,0,0.37333333333333335
8165-ZJRNM,0,0.03666666666666667
7838-LAZFO,0,0.22
0513-RBGPE,0,0.13333333333333333
7251-XFOIL,0,0.12666666666666668
2525-GVKQU,0,0.11666666666666667
7579-OOPEC,1,0.6233333333333333
3795-GWTRD,0,0.27666666666666667
4750-ZRXIU,1,0.29
5445-PZWGX,1,0.08666666666666667
0516-UXRMT,0,0.10666666666666667
0727-BNRLG,0,0.07666666666666666
3932-CMDTD,1,0.34222222222222226
1264-FUHCX,0,0.37666666666666665
6194-HBGQN,0,0.23
4524-QCSSM,0,0.23333333333333334
4570-QHXHL,0,0.22
2972-YDYUW,0,0.10333333333333333
2061-VVFST,0,0.18666666666666668
6874-SGLHU,0,0.2056111111111111
9844-FELAJ,0,0.04
1902-XBTFB,1,0.3846666666666667
9039-RBEEE,1,0.24
9369-XFEHK,1,0.27666666666666667
3680-CTHUH,0,0.06333333333333334
3679-XASPY,0,0.24666666666666667
9089-UOWJG,0,0.43
1574-DYCWE,0,0.11
9779-DPNEJ,0,0.14
2967-MXRAV,0,0.18666666666666668
0327-WFZSY,0,0.05333333333333334
1731-TVIUK,1,0.32
7666-WKRON,1,0.07333333333333333
3865-ZYKAD,0,0.2
1465-LNTLJ,0,0.20333333333333334
2696-RZVZW,0,0.13
0685-MLYYM,1,0.34
2778-OCLGR,1,0.37
3982-XWFZQ,1,0.38
4759-PXTAN,0,0.03
1448-PWKYE,1,0.9133333333333333
8741-LQOBK,0,0.19666666666666666
8650-RHRKE,1,0.29
7266-GSSJX,0,0.21
1265-HVPZB,0,0.16333333333333333
9640-ZSLDC,0,0.13333333333333333
0988-JRWWP,0,0.57
1926-QUZNN,0,0.06333333333333334
9025-ZRPVR,1,0.5133333333333333
6527-PZFPV,0,0.11333333333333333
7460-ITWWP,0,0.22666666666666666
1530-ZTDOZ,0,0.09333333333333334
4785-FCIFB,0,0.14666666666666667
9717-QEBGU,0,0.27611111111111114
0876-WDUUZ,1,0.3433333333333333
7881-EVUAD,1,0.38666666666666666
4002-BQWPQ,0,0.4
6377-WHAOX,0,0.056666666666666664
5027-YOCXN,0,0.02666666666666667
8450-JOVAH,1,0.602638888888889
6646-QVXLR,1,0.02666666666666667
0254-KCJGT,0,0.09666666666666666
3442-ZHHCC,0,0.02666666666666667
9167-APMXZ,0,0.28
0616-ATFGB,1,0.9833333333333333
7273-TEFQD,1,0.41
8245-UMPYT,1,0.3
6022-UGGSO,1,0.3466666666666667
6292-TOSSS,0,0.056666666666666664
5207-PLSTK,0,0.09666666666666666
3908-BLSYF,1,0.57
4317-VTEOA,1,0.9966666666666667
0625-AFOHS,0,0.69
4667-OHGKG,1,0.9833333333333333
2386-OWURY,0,0.06666666666666667
3780-DDGSE,0,0.11333333333333333
1047-RNXZV,0,0.24333333333333335
3926-YZVVX,0,0.21333333333333335
4742-TXUEX,0,0.16
8709-KRDVL,0,0.25
0397-ZXWQF,0,0.11666666666666667
3910-MRQOY,0,0.1
2511-MORQY,0,0.19666666666666666
4039-PIMHX,0,0.27055555555555555
8083-YTZES,1,0.28
1346-PJWTK,0,0.09
3750-YHRYO,0,0.5333333333333333
1236-WFCDV,1,0.16333333333333333
5949-HGVJL,0,0.11666666666666667
9112-WSNPU,0,0.43333333333333335
1360-JYXKQ,0,0.20333333333333334
3585-ISXZP,1,0.3977777777777778
8380-PEFPE,1,0.9533333333333334
9402-ROUMJ,0,0.12
4335-UPJSI,0,0.29
6096-EGVTU,0,0.05
8988-ECPJR,1,0.23333333333333334
7677-SJJJK,0,0.16666666666666666
5850-BDWCY,0,0.2633333333333333
2025-JKFWI,1,0.5733333333333334
8028-PNXHQ,0,0.10666666666666667
8397-MVTAZ,1,0.02666666666666667
4445-ZJNMU,0,0.38333333333333336
3125-RAHBV,0,0.36666666666666664
6682-QJDGB,1,0.33
8840-DQLGN,1,0.08666666666666667
6258-NGCNG,0,0.44
5917-RYRMG,0,0.04
7157-SMCFK,0,0.18666666666666668
0816-TSPHQ,0,0.6
6766-HFKLA,0,0.18666666666666668
7067-KSAZT,1,0.04
5155-AZQPB,0,0.15333333333333332
6890-PFRQX,0,0.19666666666666666
3508-VLHCZ,0,0.03
3649-JPUGY,0,0.0033333333333333335
9248-OJYKK,1,0.9866666666666667
7239-HZZCX,1,0.9866666666666667
9860-LISIZ,0,0.08
6979-ZNSFF,1,0.42333333333333334
8938-UMKPI,1,0.11066666666666668
1820-DJFPH,0,0.02
0732-OCQOC,0,0.19666666666666666
6776-TLWOI,1,0.6966666666666667
4940-KHCWD,0,0.04666666666666667
9057-SIHCH,1,0.3616666666666667
9866-QEVEE,1,0.14333333333333334
5542-TBBWB,0,0.2
4587-VVTOX,1,0.36333333333333334
6322-HRPFA,0,0.16333333333333333
6284-AHOOQ,1,0.32166666666666666
4530-NDRKU,0,0.17333333333333334
1751-NCDLI,0,0.10666666666666667
3893-JRNFS,0,0.16666666666666666
5857-XRECV,0,0.36666666666666664
3115-CZMZD,0,0.5666666666666667
4489-SNOJF,1,0.07666666666666666
1051-GEJLJ,0,0.23333333333333334
3563-SVYLG,0,0.1
4301-VVZKA,0,0.16666666666666666
9351-HXDMR,0,0.023333333333333334
5161-XEUVX,0,0.25
3088-FVYWK,0,0.13
9812-GHVRI,0,0.2272777777777778
1370-GGAWX,0,0.16666666666666666
6023-YEBUP,1,0.6133333333333333
9940-RHLFB,1,0.9933333333333333
4541-RMRLG,1,0.56
2606-RMDHZ,1,0.38666666666666666
5575-TPIZQ,0,0.43333333333333335
9378-FXTIZ,1,0.19333333333333333
4631-OACRM,1,0.19333333333333333
8593-WHYHV,1,0.6066666666666667
1403-GYAFU,0,0.09333333333333334
7641-TQFHN,0,0.27666666666666667
4237-CLSMM,0,0.39666666666666667
4360-PNRQB,0,0.2966666666666667
5334-AFQJB,0,0.013333333333333334
9308-ANMVE,0,0.13
3530-VWVGU,0,0.17666666666666667
4674-HGNUA,0,0.21666666666666667
3030-YDNRM,0,0.3566666666666667
3642-BYHDO,0,0.03333333333333333
0440-UEDAI,0,0.10666666666666667
9819-FBNSV,0,0.20666666666666667
9289-LBQVU,0,0.24333333333333335
4468-YDOVK,0,0.62
2001-EWBQU,0,0.19333333333333333
9992-UJOEL,0,0.5666666666666667
8409-WQJUX,0,0.13666666666666666
3077-RSNTJ,0,0.5633333333333334
6993-YCOBK,0,0.08
4817-VYYWS,1,0.06333333333333334
4702-HDRKD,0,0.01
3251-YMVWZ,0,0.10666666666666667
4190-MFLUW,1,0.38333333333333336
4678-DVQEO,1,0.92
4701-AHWMW,1,0.18333333333333332
2987-BJXIK,0,0.043333333333333335
1730-VFMWO,0,0.12333333333333334
1936-UAFEH,0,0.03333333333333333
5140-FOMCQ,0,0.05333333333333334
8778-LMWTJ,0,0.3933333333333333
9840-DVNDC,1,0.3901666666666667
8033-VCZGH,0,0.31666666666666665
8580-QVLOC,1,0.02666666666666667
6128-AQBMT,0,0.23333333333333334
6257-RJOHI,0,0.26666666666666666
1929-ZCBHE,0,0.13333333333333333
6242-SGYTS,0,0.17666666666666667
7010-ZMVBF,0,0.44666666666666666
3519-ZKXGG,1,0.77
5666-MBJPT,0,0.02666666666666667
3313-QKNKB,1,0.07333333333333333
7581-EBBOU,0,0.12
1784-BXEFA,0,0.22666666666666666
7492-TAFJD,0,0.44
5213-TWWJU,0,0.31666666666666665
3312-ZWLGF,0,0.08333333333333333
2923-ARZLG,0,0.6533333333333333
7032-LMBHI,0,0.245
8292-ITGYJ,0,0.2
9107-UKCKY,0,0.09
6848-HJTXY,0,0.013333333333333334
4184-VODJZ,0,0.02666666666666667
4846-WHAFZ,1,0.06333333333333334
8735-SDUFN,0,0.07
0839-JTCUD,0,0.09
6857-VWJDT,1,0.9633333333333334
7363-QTBIW,0,0.20333333333333334
6158-HDPXZ,0,0.24666666666666667
5419-CONWX,1,0.30666666666666664
9286-DOJGF,1,0.6416666666666667
2408-PSJVE,0,0.17
2087-QAREY,0,0.07333333333333333
6777-TGHTM,1,0.13277777777777777
6507-ZJSUR,0,0.62
5025-GOOKI,0,0.37916666666666665
6080-LNESI,0,0.15047222222222223
2236-HILPA,0,0.08333333333333333
1386-ZIKUV,0,0.37666666666666665
3365-SAIGS,0,0.4166666666666667
6061-GWWAV,0,0.33666666666666667
9979-RGMZT,0,0.5566666666666666
8445-DNBAE,0,0.09333333333333334
6872-HXFNF,0,0.07666666666666666
1320-HTRDR,1,0.5361111111111111
3923-CSIHK,1,0.04666666666666667
2446-ZKVAF,0,0.38666666666666666
4640-UHDOS,1,0.4633333333333333
5457-COLHT,0,0.03333333333333333
2254-DLXRI,0,0.16333333333333333
5339-PXDVH,0,0.37666666666666665
2386-LAHRK,1,0.9466666666666667
5062-CJJKH,0,0.47333333333333333
8930-XOTDP,0,0.15333333333333332
4779-ZGICK,0,0.17
9534-NSXEM,0,0.07666666666666666
3716-BDVDB,1,0.9966666666666667
9842-EFSYY,0,0.62
9122-UMROB,0,0.17333333333333334
1867-BDVFH,1,0.29
5949-EBSQK,1,0.2966666666666667
4160-AMJTL,1,0.4766666666666667
8622-ZLFKO,0,0.38666666666666666
2990-IAJSV,0,0.09
6064-ZATLR,0,0.16666666666666666
7409-KIUTL,1,0.98
5505-OVWQW,0,0.34
3948-KXDUF,0,0.09
9814-AOUDH,0,0.32
7398-LXGYX,0,0.2
5266-PFRQK,0,0.24666666666666667
1568-BEKZM,0,0.10666666666666667
2692-PFYTJ,0,0.07166666666666667
2533-QVMSK,1,0.18333333333333332
5828-AVIPD,1,0.49333333333333335
2907-ILJBN,0,0.31666666666666665
5226-NOZFC,0,0.12
7114-AEOZE,0,0.11333333333333333
2202-CUYXZ,1,0.98
3466-RITXD,0,0.21
7278-CKDNC,0,0.27666666666666667
1956-YIFGE,0,0.10666666666666667
0422-UXFAP,0,0.06333333333333334
3733-UOCWF,0,0.10333333333333333
7191-ADRGF,0,0.12666666666666668
5709-LVOEQ,0,0.46
6034-YMTOB,0,0.5588888888888889
6372-RFVNS,1,1.0
9052-DHNKM,0,0.2633333333333333
5609-IMCGG,0,0.30333333333333334
2959-MJHIC,1,0.44666666666666666
1319-YLZJG,0,0.32666666666666666
7623-TRNQN,1,0.91
0377-JBKKT,0,0.41833333333333333
1936-CZAKF,0,0.11666666666666667
5063-IUOKK,0,0.49
8646-JCOMS,0,0.19333333333333333
0979-MOZQI,0,0.4266666666666667
1525-LNLOJ,0,0.25
5759-RCVCB,1,0.54
9968-FFVVH,0,0.18333333333333332
2266-FUBDZ,0,0.55
4760-THGOT,0,0.11333333333333333
2307-FYNNL,0,0.11333333333333333
1143-NMNQJ,1,0.43333333333333335
1629-DQQVB,0,0.22
3766-EJLFL,0,0.07666666666666666
8457-XIGKN,0,0.25
4981-FLTMF,0,0.12666666666666668
7606-BPHHN,0,0.03
7005-CCBKV,1,0.42
4648-YPBTM,0,0.26666666666666666
2325-ZUSFD,1,0.06666666666666667
1240-KNSEZ,1,0.9833333333333333
0430-IHCDJ,0,0.25
7957-RYHQD,1,0.4033333333333333
6164-HAQTX,0,0.05
0749-IRGQE,0,0.2966666666666667
1227-UDMZR,0,0.09
5473-KHBPS,0,0.17333333333333334
5297-MDOIR,0,0.043333333333333335
8873-TMKGR,0,0.5366666666666666
6481-ESCNL,0,0.2
0463-WZZKO,0,0.36666666666666664
1038-RQOST,0,0.26
4937-QPZPO,0,0.06
3604-WLABM,0,0.11333333333333333
1360-XFJMR,0,0.09666666666666666
8717-VCTXJ,0,0.13666666666666666
5196-SGOAK,1,0.9633333333333334
8739-XNIKG,0,0.28
2320-TZRRH,0,0.27666666666666667
5186-SAMNZ,1,0.9566666666666667
5760-FXFVO,0,0.06666666666666667
5380-WJKOV,1,0.04
4703-MQYKT,0,0.32666666666666666
2001-MCUUW,0,0.20666666666666667
4947-DSMXK,0,0.14
0076-LVEPS,0,0.3841269841269842
5566-SOEZD,0,0.36833333333333335
7408-OFWXJ,0,0.07333333333333333
1097-FSPVW,0,0.20666666666666667
4412-YLTKF,1,0.38
0420-TXVSG,0,0.12666666666666668
7817-BOQPW,1,0.47066666666666673
0963-ZBDRN,1,0.08
9685-WKZGT,1,0.2866666666666667
2139-FQHLM,0,0.26666666666666666
5825-XJOCM,0,0.11333333333333333
0004-TLHLJ,1,0.4633333333333333
7529-ZDFXI,0,0.11
6848-YLDFR,0,0.18333333333333332
5820-PTRYM,0,0.26
2984-RGEYA,0,0.11333333333333333
6434-TTGJP,0,0.49666666666666665
9643-AVVWI,0,0.41
3506-OVLKD,0,0.13666666666666666
4946-EDSEW,1,0.20666666666666667
2924-KHUVI,0,0.09666666666666666
2263-SFSQZ,0,0.09
5281-BUZGT,1,0.14666666666666667
3717-FDJFU,0,0.5033333333333333
2239-CFOUJ,0,0.09666666666666666
8699-ASUFO,1,0.5933333333333334
1122-YJBCS,0,0.07333333333333333
0628-CNQRM,1,0.37
1705-GUHPV,0,0.05
4877-TSOFF,0,0.06333333333333334
7404-JLKQG,0,0.26666666666666666
0379-DJQHR,0,0.056666666666666664
8993-PHFWD,1,0.6833333333333333
3930-ZGWVE,0,0.29333333333333333
1965-DDBWU,1,0.6266666666666667
7572-KPVKK,0,0.08666666666666667
6854-EXGSF,0,0.42
9483-GCPWE,0,0.22666666666666666
8053-WWDRO,1,0.58
9473-CBZOP,0,0.25
3985-HOYPM,0,0.07
8378-LKJAF,0,0.11
1310-QRITU,0,0.4533333333333333
3237-AJGEH,1,0.5666666666666667
6542-LWGXJ,0,0.30333333333333334
6953-PBDIN,0,0.11666666666666667
6332-FBZRI,0,0.10333333333333333
9365-CSLBQ,0,0.2
3466-WAESX,0,0.23666666666666666
9700-ISPUP,0,0.19666666666666666
5167-ZFFMM,1,0.94
7669-LCRSD,0,0.36
0870-VEMYL,1,0.7733333333333333
2995-UPRYS,1,0.4422222222222223
3179-GBRWV,0,0.13
0701-TJSEF,0,0.36
1848-LBZHY,0,0.4766666666666667
5380-XPJNZ,0,0.2633333333333333
6608-QQLVK,1,0.9966666666666667
1475-VWVDO,0,0.21333333333333335
3721-CNEYS,1,0.22
4299-OPXEJ,0,0.08
0096-BXERS,0,0.7633333333333333
3055-VTCGS,0,0.10666666666666667
9405-GPBBG,0,0.19
6704-UTUKK,0,0.19
9944-AEXBM,0,0.2633333333333333
2545-EBUPK,0,0.4
6270-OMFIW,1,0.18
1852-XEMDW,0,0.35333333333333333
8158-WPEZG,0,0.3933333333333333
5198-EFNBM,0,0.18333333333333332
7663-RGWBC,1,0.9533333333333334
3970-XGJDU,0,0.16
6845-RGTYS,1,0.26666666666666666
0123-CRBRT,0,0.06
6077-BDPXA,0,0.22333333333333333
2250-IVBWA,0,0.04
6137-NICCO,0,0.51
8129-GMVGI,0,0.31333333333333335
4353-HYOJD,0,0.3160079365079364
8671-KKKOS,0,0.14333333333333334
8080-DDEMJ,1,0.9833333333333333
6698-OXETB,0,0.30666666666666664
3312-UUMZW,0,0.20333333333333334
6376-GAHQE,1,0.19666666666666666
0733-VUNUW,1,0.13666666666666666
6733-LRIZX,0,0.1861111111111111
2165-VOEGB,1,0.18333333333333332
1853-UDXBW,1,0.97
9070-BCKQP,0,0.01
1035-IPQPU,0,0.14
2057-ZBLPD,1,0.3
6967-PEJLL,0,0.38
7879-CGSFV,0,0.41583333333333333
2257-BOVXD,0,0.27
9822-BIIGN,0,0.23
1136-XGEQU,0,0.14
2439-LYPMQ,0,0.24
6543-XRMYR,1,0.42333333333333334
5753-QQWPW,0,0.2866666666666667
4785-QRJHC,1,0.1
0052-YNYOT,0,0.39666666666666667
7054-LGEQW,1,0.9833333333333333
0608-JDVEC,0,0.13666666666666666
6284-KMNUF,0,0.03
6286-SUUWT,0,0.24333333333333335
3594-KADLU,0,0.37333333333333335
0536-ACXIP,0,0.02
8869-TORSS,1,0.19666666666666666
0373-AIVNJ,0,0.5733333333333334
6429-SHBCB,0,0.21666666666666667
5751-USDBL,0,0.17666666666666667
6815-ABQFQ,0,0.22666666666666666
9450-TRJUU,0,0.30333333333333334
2805-AUFQN,0,0.36333333333333334
7855-DIWPO,0,0.4633333333333333
0174-QRVVY,0,0.17666666666666667
9507-EXLTT,1,0.99
8390-FESFV,0,0.12333333333333334
0661-KBKPA,0,0.2966666666666667
6856-RAURS,0,0.45666666666666667
7322-OCWHC,0,0.06
2203-GHNWN,0,0.19666666666666666
3413-CSSTH,0,0.22611111111111115
3006-XIMLN,1,0.4266666666666667
3750-CKVKH,1,0.3466666666666667
0576-WNXXC,1,0.06666666666666667
7056-IMHCC,1,0.09666666666666666
0866-QLSIR,1,0.21333333333333335
1628-BIZYP,0,0.06
2230-XTUWL,0,0.26
1980-KXVPM,1,0.4866666666666667
8619-IJNDK,0,0.07666666666666666
2960-NKRSO,0,0.17
6705-LXORM,0,0.2866666666666667
7130-VTEWQ,1,0.34
9364-YKUVW,0,0.28
2761-OCIAX,1,0.36666666666666664
7996-BPXHY,0,0.48333333333333334
4248-QPAVC,1,0.4666666666666667
9357-UJRUN,0,0.13333333333333333
6340-DACFT,0,0.22333333333333333
1023-BQXZE,0,0.13333333333333333
5480-HPRRX,1,0.6866666666666666
9576-SYUHJ,0,0.12333333333333334
2169-RRLFW,0,0.2833333333333333
8338-QIUNR,0,0.03333333333333333
0463-TXOAK,0,0.19527777777777777
4396-KLSEH,0,0.06666666666666667
5186-EJEGL,0,0.18333333333333332
9334-GWGOW,0,0.47
5696-JVVQY,0,0.056666666666666664
9633-DENPU,0,0.17333333333333334
0581-BXBUB,0,0.6766666666666666
2750-BJLSB,0,0.19
2770-NSVDG,0,0.17333333333333334
8280-MQRQN,1,0.99
7851-FLGGQ,1,0.9833333333333333
9374-YOLBJ,0,0.14166666666666666
6583-SZVGP,0,0.07333333333333333
2150-OEGBV,0,0.15
9372-TXXPS,0,0.09333333333333334
6933-FHBZC,0,0.23333333333333334
4698-KVLLG,0,0.07388888888888888
8752-STIVR,1,0.38666666666666666
8623-ULFNQ,0,0.2966666666666667
9822-WMWVG,0,0.07
4304-TSPVK,0,0.11666666666666667
1716-LSAMB,0,0.4033333333333333
3523-QRQLL,1,0.44333333333333336
2187-PKZAY,0,0.21666666666666667
1895-QTKDO,0,0.22333333333333333
8161-QYMTT,0,0.6766666666666666
2955-PSXOE,1,0.95
6834-NXDCA,1,0.24
8701-DGLVH,0,0.11
2480-SQIOB,0,0.36
4993-JCRGJ,0,0.10333333333333333
0581-MDMPW,0,0.11666666666666667
7789-CRUVC,0,0.03666666666666667
0164-APGRB,0,0.07333333333333333
8034-RYTVV,0,0.10333333333333333
3018-TFTSU,1,0.45666666666666667
9777-IQHWP,0,0.0
6899-PPEEA,1,0.16466666666666666
6701-YVNQG,0,0.013333333333333334
7649-PHJVR,0,0.39
9278-VZKCD,0,0.20666666666666667
7636-PEPNS,0,0.1
1575-KRZZE,0,0.32
8590-OHDIW,0,0.35
7764-BDPEE,0,0.33666666666666667
9480-BQJEI,0,0.10333333333333333
3354-OADJP,0,0.2966666666666667
3181-MIZBN,0,0.33
9327-QSDED,0,0.29
4892-VLANZ,1,0.9633333333333334
0298-XACET,0,0.23666666666666666
6917-FIJHC,0,0.03333333333333333
6557-BZXLQ,0,0.2833333333333333
2432-TFSMK,0,0.18166666666666667
4211-MMAZN,1,0.9666666666666667
4751-ERMAN,0,0.09333333333333334
8430-TWCBX,0,0.02
1942-OQFRW,0,0.20666666666666667
4075-JFPGR,0,0.08666666666666667
3339-EAQNV,0,0.07
5329-KRDTM,0,0.06
0307-BCOPK,0,0.5466666666666666
6473-ULUHT,0,0.10666666666666667
1194-SPVSP,0,0.16666666666666666
7249-WBIYX,1,0.39
2293-IJWPS,0,0.14666666666666667
4377-VDHYI,0,0.13
0019-EFAEP,0,0.34
2480-EJWYP,0,0.20333333333333334
8970-ANWXO,0,0.51
8739-WWKDU,1,0.47333333333333333
2171-UDMFD,0,0.22666666666666666
7036-TYDEC,0,0.14
3831-YCPUO,0,0.03
0121-SNYRK,0,0.11
3325-FUYCG,1,0.29333333333333333
1952-DVVSW,0,0.2
3571-DPYUH,0,0.13333333333333333
2077-MPJQO,0,0.20333333333333334
2391-SOORI,1,0.45
4086-ATNFV,0,0.04666666666666667
3396-DKDEL,0,0.016666666666666666
7471-MQPOS,0,0.009444444444444445
7181-OQCUT,0,0.20333333333333334
3489-VSFRD,0,0.02
6283-GITPX,0,0.10333333333333333
2845-HSJCY,1,0.3466666666666667
7216-KAOID,0,0.32666666666666666
6680-WKXRZ,1,0.59
2346-LOCWC,0,0.016666666666666666
0769-MURVM,0,0.08666666666666667
3374-LXDEV,1,0.41
5318-YKDPV,0,0.22666666666666666
8190-ZTQFB,0,0.6077777777777779
4512-ZUIYL,1,0.4238888888888889
3090-QFUVD,0,0.16666666666666666
4806-KEXQR,1,0.3466666666666667
2369-FEVNO,0,0.2
9637-CDTKZ,0,0.04666666666666667
2954-PIBKO,0,0.15333333333333332
2212-LYASK,0,0.21
9481-SFCQY,0,0.33
2828-SLQPF,0,0.18666666666666668
4647-MUZON,0,0.15911111111111112
8212-DJRCH,0,0.43333333333333335
0516-OOHAR,0,0.2633333333333333
4973-RLZVI,0,0.4533333333333333
8089-UZWLX,0,0.05333333333333334
9732-KPKBW,1,0.9933333333333333
9715-WZCLW,0,0.14
0257-KXZGU,0,0.11333333333333333
0707-HOVVN,0,0.05
5501-TVMGM,0,0.16
3422-LYEPQ,1,0.9866666666666667
2277-VWCNI,0,0.663
5461-QKNTN,0,0.03333333333333333
3967-KXAPS,0,0.02666666666666667
6919-ELBGL,0,0.013333333333333334
8361-LTMKD,1,0.24666666666666667
1131-ALZWV,0,0.53
5178-LMXOP,1,0.95
8992-CEUEN,0,0.15
3320-VEOYC,0,0.5366666666666666
3672-YITQD,1,0.47944444444444445
6080-TCMYC,0,0.09666666666666666
6734-FQAJX,0,0.03
1063-DHQJF,0,0.05
3976-NLDEZ,0,0.08
1729-VLAZJ,0,0.23666666666666666
3400-ESFUW,1,0.19666666666666666
5271-YNWVR,1,0.09333333333333334
1587-FKLZB,1,0.35333333333333333
0958-YHXGP,0,0.4166666666666667
1494-EJZDW,0,0.33666666666666667
1816-FLZDK,0,0.056666666666666664
2075-PUEPR,0,0.043333333333333335
1833-TCXKK,0,0.2966666666666667
1436-ZMJAN,0,0.22333333333333333
0106-UGRDO,0,0.07333333333333333
1069-XAIEM,1,0.99
4213-HKBJO,0,0.26666666666666666
8345-MVDYC,0,0.13666666666666666
2672-OJQZP,0,0.056666666666666664
5136-RGMZO,0,0.21333333333333335
5774-QPLTF,0,0.08
5240-CAOYT,0,0.14333333333333334
3707-GNWHM,1,0.9266666666666666
5159-YFPKQ,1,0.2683333333333333
5052-PNLOS,1,0.5033333333333333
6173-GOLSU,0,0.08
6661-HBGWL,1,0.31
8207-VVMYB,0,0.03333333333333333
5324-KTGCG,0,0.021111111111111112
7354-OIJLX,0,0.42
9286-BHDQG,0,0.09
3567-PQTSO,0,0.19666666666666666
3197-ARFOY,0,0.21666666666666667
5698-BQJOH,1,0.41
1090-ESELR,0,0.016666666666666666
0056-EPFBG,0,0.38
4955-VCWBI,0,0.2866666666666667
4717-GHADL,0,0.15
0058-EVZWM,0,0.016666666666666666
7218-HKQFK,1,0.4533333333333333
5057-RKGLH,0,0.6133333333333333
2309-OSFEU,1,0.5866666666666667
3429-IFLEM,0,0.016666666666666666
1550-LOAHA,1,0.30666666666666664
1400-MMYXY,1,0.7633333333333333
7503-QQRVF,1,0.3433333333333333
7504-UWHNB,0,0.07666666666666666
9565-JSNFM,1,0.26666666666666666
4735-BJKOU,0,0.31333333333333335
3580-GICBM,0,0.06
7632-YUTXB,0,0.15
9412-ARGBX,1,0.18333333333333332
9576-ANLXO,1,0.5166666666666667
1110-KYLGQ,0,0.023333333333333334
8696-JKZNU,1,0.23
8757-TFHHJ,0,0.37
2955-BJZHG,1,0.26
9048-JVYVF,1,0.39
0682-USIXD,0,0.20333333333333334
3884-UEBXB,0,0.08
1776-SPBWV,0,0.26
9050-QLROH,1,0.24333333333333335
2925-VDZHY,0,0.056666666666666664
9512-UIBFX,1,0.51
8676-TRMJS,1,0.4666666666666667
3334-CTHOL,1,0.9766666666666667
6331-LWDTQ,1,0.28
3847-BAERP,0,0.21666666666666667
4709-LKHYG,0,0.12333333333333334
8621-MNIHH,1,0.35
8884-ADFVN,1,0.6366666666666667
2885-HIJDH,0,0.17
8570-KLJYJ,0,0.10666666666666667
9339-FIIJL,0,0.02
6223-DHJGV,0,0.08
0959-WHOKV,0,0.04666666666666667
9610-WCESF,0,0.04
9279-CJEOJ,0,0.26
2985-FMWYF,0,0.2733333333333333
3540-RZJYU,1,0.6766666666666666
2522-WLNSF,0,0.1586111111111111
6861-XWTWQ,1,0.52
8735-NBLWT,0,0.37
1744-JHKYS,0,0.08666666666666667
0841-NULXI,1,0.8933333333333333
4016-BJKTZ,0,0.2866666666666667
9298-WGMRW,0,0.13333333333333333
7893-IXHRQ,1,0.97
8785-CJSHH,0,0.2633333333333333
7654-YWJUF,0,0.13
8909-BOLNL,0,0.15666666666666668
9919-FZDED,0,0.12
0322-CHQRU,1,0.5166666666666667
3587-PMCOY,0,0.43333333333333335
0655-RBDUG,1,0.5
0983-TATYJ,0,0.13333333333333333
5650-YLIBA,0,0.09722222222222222
5144-TVGLP,0,0.17333333333333334
3569-EDBPQ,0,0.2866666666666667
4945-RVMTE,0,0.38
3511-BFTJW,0,0.13666666666666666
5537-UXXVS,0,0.2733333333333333
8782-NUUOL,0,0.04666666666666667
2865-TCHJW,1,0.36333333333333334
9931-KGHOA,0,0.22333333333333333
3071-MVJCD,0,0.05333333333333334
7279-BUYWN,1,0.09333333333333334
3756-VNWDH,0,0.13
1395-OFUWC,0,0.16333333333333333
4223-BKEOR,0,0.38333333333333336
0040-HALCW,0,0.19
7124-UGSUR,1,0.13666666666666666
7395-XWZOY,0,0.2833333333333333
5440-VHLUL,0,0.07
4706-DGAHW,0,0.16666666666666666
8166-ORCHU,0,0.36666666666666664
3978-YNKDD,0,0.14333333333333334
7198-GLXTC,1,0.41333333333333333
6366-XIVKZ,0,0.5733333333333334
5133-POWUA,0,0.16333333333333333
8400-WZICQ,0,0.056666666666666664
5382-SOYZL,0,0.33666666666666667
1989-PRJHP,1,0.19666666666666666
4154-AQUGT,1,0.4766666666666667
0980-FEXWF,0,0.44333333333333336
5845-BZZIB,0,0.06
4840-ORQXB,0,0.11
0295-PPHDO,1,0.9966666666666667
8775-ERLNB,0,0.07666666666666666
0376-YMCJC,1,0.33
7410-YTJIK,1,0.2633333333333333
9927-DSWDF,0,0.3
6681-ZSEXG,0,0.13666666666666666
5702-KVQRD,0,0.043333333333333335
8711-LOBKY,0,0.10666666666666667
9692-TUSXH,1,0.7933333333333333
4012-YCFAI,0,0.023333333333333334
8455-HIRAQ,0,0.2575
7853-WNZSY,0,0.11333333333333333
0390-DCFDQ,1,0.9366666666666666
6421-SZVEM,0,0.24333333333333335
3094-JOJAI,0,0.25666666666666665
4873-ILOLJ,1,0.37333333333333335
8181-YHCMF,0,0.17333333333333334
3324-OIRTO,0,0.06666666666666667
9135-HSWOC,0,0.07333333333333333
2272-WUSPA,0,0.01
4627-MIHJH,0,0.11444444444444443
3896-RCYYE,0,0.22333333333333333
6729-GDNGC,0,0.54
9945-PSVIP,0,0.39666666666666667
4137-JOPHL,0,0.51
2720-FVBQP,0,0.31666666666666665
7854-EKTJL,1,0.37
1133-KXCGE,0,0.3566666666666667
6048-QBXKL,0,0.2633333333333333
6338-AVWCY,1,0.5633333333333334
0013-MHZWF,0,0.43333333333333335
9804-ICWBG,1,0.8933333333333333
2368-GAKKQ,0,0.07666666666666666
4829-AUOAX,1,0.17
7876-BEUTG,0,0.18666666666666668
6349-JDHQP,0,0.06
3063-QFSZL,1,0.9533333333333334
9142-XMYJH,0,0.3177777777777778
2609-IAICY,1,0.9566666666666667
8626-PTQGE,0,0.26666666666666666
0230-UBYPQ,0,0.03
6814-ZPWFQ,0,0.14
5921-NGYRH,0,0.03
7803-XOCCZ,0,0.05
1459-QNFQT,0,0.10666666666666667
3948-FVVRP,0,0.24333333333333335
0923-PNFUB,1,0.4666666666666667
4654-ULTTN,0,0.04666666666666667
5628-FCGYG,0,0.4
0506-LVNGN,1,0.6566666666666666
4329-YPDDQ,0,0.27666666666666667
9866-OCCKE,0,0.09333333333333334
0794-YVSGE,0,0.03
4342-HENTK,1,0.8055555555555556
5934-TSSAU,0,0.3
9986-BONCE,1,0.6418888888888888
5301-GAUUY,1,0.16666666666666666
0725-CXOTM,0,0.2833333333333333
2843-CQMEG,0,0.43666666666666665
5600-PDUJF,0,0.62
4500-HKANN,0,0.35
1862-QRWPE,0,0.12
2155-AMQRX,0,0.10666666666666667
0823-HSCDJ,1,0.03333333333333333
4090-KPJIP,0,0.22
2737-YNGYW,1,0.25666666666666665
5619-XZZKR,0,0.5366666666666666
6047-YHPVI,1,0.51
8375-DKEBR,1,0.9566666666666667
7729-XBTWX,0,0.22666666666666666
4983-CLMLV,0,0.11666666666666667
9227-LUNBG,1,0.9833333333333333
2758-RNWXS,0,0.15333333333333332
7055-HNEOJ,0,0.42
7134-MJPDY,0,0.16666666666666666
4560-WQAQW,0,0.07333333333333333
8532-UEFWH,0,0.06
8541-QVFKM,0,0.19333333333333333
7129-ACFOG,0,0.21333333333333335
2495-INZWQ,1,0.5
0263-FJTQO,0,0.08666666666666667
0181-RITDD,0,0.016666666666666666
8241-JUIQO,0,0.03
0913-XWSCN,0,0.17
2159-TURXX,0,0.3433333333333333
6461-PPAXN,0,0.35
1452-KIOVK,0,0.07666666666666666
1139-WUOAH,0,0.19333333333333333
3207-OYBWH,1,0.16333333333333333
8347-GDTMP,0,0.10666666666666667
9909-DFRJA,0,0.19
6383-ZTSIW,0,0.16672222222222222
5438-QMDDL,0,0.12666666666666668
8914-RBTSB,1,0.09
6164-HXUGH,0,0.26666666666666666
6900-RBKER,0,0.07
1492-QGCLU,0,0.18333333333333332
6664-FPDAC,1,0.19333333333333333
1088-AUUZZ,0,0.056666666666666664
6651-AZVTJ,1,0.3
8219-VYBVI,0,0.37333333333333335
0310-MVLET,1,0.12
7233-IOQNP,0,0.2633333333333333
7311-MQJCH,0,0.36666666666666664
9256-JTBNZ,0,0.22666666666666666
8713-IGZSO,0,0.41333333333333333
6821-BUXUX,1,0.63
9114-DPSIA,0,0.01
4501-UYKBC,0,0.5333333333333333
2798-NYLMZ,0,0.023333333333333334
6711-VTNRE,1,0.18
5966-EMAZU,0,0.20333333333333334
3627-FHKBK,1,0.8966666666666666
7861-UVUFT,1,0.42
9824-QCJPK,0,0.31333333333333335
7816-VGHTO,0,0.5433333333333333
3794-NFNCH,0,0.12333333333333334
3877-JRJIP,1,0.9266666666666666
5228-EXCET,1,0.15333333333333332
6248-BSHKG,0,0.07666666666666666
8915-NNTRC,0,0.11333333333333333
3470-OBUET,0,0.02666666666666667
3229-USWAR,0,0.4266666666666667
1927-QEWMY,0,0.04666666666666667
6374-AFWOX,0,0.2
7912-SYRQT,1,0.31
2070-FNEXE,1,0.46
5803-NQJZO,0,0.04666666666666667
5651-YLPRD,0,0.20666666666666667
1271-UODNO,0,0.37
5014-WUQMG,0,0.15
5889-JTMUL,1,0.09666666666666666
0788-DXBFY,0,0.23
2669-QVCRG,0,0.31666666666666665
6630-UJZMY,0,0.4033333333333333
5061-PBXFW,0,0.09333333333333334
2700-LUEVA,0,0.15666666666666668
3865-ZFZIB,0,0.27666666666666667
0471-ARVMX,0,0.021666666666666667
8985-OOPOS,0,0.07666666666666666
0719-SYFRB,1,0.23
0447-BEMNG,1,0.03333333333333333
5630-AHZIL,0,0.48
2190-BCXEC,0,0.36666666666666664
1559-DTODC,0,0.6066666666666667
3244-DCJWY,1,0.9833333333333333
3967-VQOGC,0,0.14666666666666667
0265-PSUAE,0,0.43
1622-HSHSF,0,0.2
9867-XOBQA,0,0.02666666666666667
6773-LQTVT,0,0.42333333333333334
4332-MUOEZ,0,0.43666666666666665
0023-XUOPT,1,0.45
6543-CPZMK,1,0.25333333333333335
6418-HNFED,0,0.17
1036-GUDCL,0,0.08333333333333333
4818-QIUFN,1,0.5233333333333333
0778-NELLA,1,0.44333333333333336
7495-OOKFY,1,0.6066666666666667
4737-HOBAX,0,0.07666666666666666
7919-ZODZZ,0,0.4033333333333333
2988-PLAHS,0,0.24666666666666667
9067-SQTNS,0,0.09666666666666666
6483-OATDN,0,0.32
5469-CTCWN,1,0.18
3524-WQDSG,0,0.10666666666666667
6968-URWQU,0,0.37333333333333335
8601-QACRS,1,0.45666666666666667
8690-UPCZI,0,0.4066666666666667
5331-RGMTT,0,0.13666666666666666
1357-BIJKI,0,0.38666666666666666
2088-IEBAU,0,0.14333333333333334
0679-IDSTG,1,0.87
6519-ZHPXP,0,0.013333333333333334
2101-RANCD,0,0.05166666666666667
4029-HPFVY,0,0.35
1015-OWJKI,0,0.21666666666666667
8314-HTWVE,0,0.45666666666666667
5357-TZHPP,1,0.41333333333333333
8727-XDPUD,0,0.44
9073-ZZIAY,0,0.08
5181-OABFK,0,0.07
3812-LRZIR,0,0.3933333333333333
5204-HMGYF,0,0.24
9950-MTGYX,0,0.17666666666666667
3675-EQOZA,0,0.5466666666666666
3646-ITDGM,0,0.013333333333333334
3913-FCUUW,0,0.06
